{
  "model/formatter.js": 1700132539506,
  "manifest.json": 1700213188812,
  "model/models.js": 1700132539393,
  "i18n/i18n.properties": 1700132539373,
  "controller/Worklist.controller.js": 1700132539493,
  "controller/Object.controller.js": 1700132539473,
  "controller/NotFound.controller.js": 1700132539473,
  "controller/ErrorHandler.js": 1700132539456,
  "controller/BaseController.js": 1700132539443,
  "controller/App.controller.js": 1700132539443,
  "Component.js": 1700132539343,
  "Component-preload.js": 1700213191440,
  "Component-dbg.js": 1700132539343,
  "model/formatter-dbg.js": 1700132539506,
  "controller/Worklist-dbg.controller.js": 1700132539493,
  "controller/Object-dbg.controller.js": 1700132539473,
  "controller/NotFound-dbg.controller.js": 1700132539473,
  "controller/ErrorHandler-dbg.js": 1700132539456,
  "controller/BaseController-dbg.js": 1700132539443,
  "controller/App-dbg.controller.js": 1700132539443,
  "model/models-dbg.js": 1700132539393,
  "view/Worklist.view.xml": 1700133099204,
  "view/ObjectNotFound.view.xml": 1700132539546,
  "view/Object.view.xml": 1700133222003,
  "view/NotFound.view.xml": 1700132539522,
  "view/App.view.xml": 1700132539522,
  "index.html": 1700132539343
}